<?xml version="1.0" encoding="UTF-8" standalone="yes"?>
<addon id="repository.ludopotte" name="Ludo Potte Repository" version="0.0.1" provider-name="Ludo Potte">
    <extension point="xbmc.addon.repository" name="Ludo Potte Repository">
        <dir>
            <info compressed="false">https://raw.githubusercontent.com/ludopotte/repository.ludopotte/master/repo/zips/addons.xml</info>
            <checksum>https://raw.githubusercontent.com/ludopotte/repository.ludopotte/master/repo/zips/addons.xml.md5</checksum>
            <datadir zip="true">https://raw.githubusercontent.com/ludopotte/repository.ludopotte/master/repo/zips/</datadir>
        </dir>
    </extension>
    <extension point="xbmc.addon.metadata">
        <summary>Ludo Potte Repository</summary>
        <description>DEPOT DE LUDO POTTE SUR KODI</description>
        <disclaimer></disclaimer>
        <platform>all</platform>
        <assets>
            <icon>icon.png</icon>
            <fanart>fanart.jpg</fanart>
        </assets>
    </extension>
</addon>